Wk;Day;Date;Time;Home;Score;Away;Attendance;Venue;Referee;Match Report;Notes
1;Sat;08.08.2020;16:00:00;FC Khimki;0–2;CSKA Moscow;4,948;Arena Khimki;Vladislav Bezborodov;Match Report;
1;Sat;08.08.2020;18:30:00;Tambov;0–1;Rostov;;Stadion STC Tambov;Stanislav Vasilyev;Match Report;
1;Sun;09.08.2020;19:00:00;Arsenal Tula;0–0;Akhmat Grozny;1,892;Stadion Arsenal;Kirill Levnikov;Match Report;
1;Sun;09.08.2020;19:00:00;Ufa;0–3;Krasnodar;;Stadion Neftyanik;Sergey Karasev;Match Report;
1;Sun;09.08.2020;20:00:00;Spartak Moscow;2–2;Sochi;;Otkrytie Arena;Vasiliy Kazartsev;Match Report;
1;Mon;10.08.2020;19:00:00;Ural;0–2;Dynamo Mosc;;Stadion Central'nyj;Vitaly Meshkov;Match Report;
1;Tue;11.08.2020;19:00:00;Rotor Volgograd;0–2;Zenit;;Volgograd Arena;Aleksey Matyunin;Match Report;
1;Tue;11.08.2020;20:00:00;Rubin Kazan;0–2;Loko Moscow;;Kazan Arena;Sergey Ivanov;Match Report;
2;Fri;14.08.2020;18:00:00;Arsenal Tula;2–3;Ufa;1,896;Stadion Arsenal;Sergey Lapochkin;Match Report;
2;Fri;14.08.2020;20:00:00;Sochi;1–1;FC Khimki;3,613;Olimpiyskiy Stadion Fisht;Sergey Karasev;Match Report;
2;Fri;14.08.2020;20:00:00;Spartak Moscow;2–0;Akhmat Grozny;8,946;Otkrytie Arena;Evgeny Turbin;Match Report;
2;Sat;15.08.2020;15:30:00;Rubin Kazan;1–1;Ural;;Kazan Arena;Aleksey Sukhoy;Match Report;
2;Sat;15.08.2020;15:30:00;Dynamo Mosc;0–0;Rotor Volgograd;5,981;VTB Arena;Igor Panin;Match Report;
2;Sat;15.08.2020;18:00:00;CSKA Moscow;2–1;Tambov;7,939;VEB Arena;Vladimir Moskalev;Match Report;
2;Sat;15.08.2020;19:00:00;Loko Moscow;1–0;Krasnodar;;RZD Arena;Kirill Levnikov;Match Report;
2;Sat;15.08.2020;20:00:00;Rostov;0–2;Zenit;;Rostov Arena;Pavel Kukuyan;Match Report;
3;Tue;18.08.2020;19:00:00;Sochi;3–2;Rubin Kazan;;Olimpiyskiy Stadion Fisht;Vladislav Bezborodov;Match Report;
3;Tue;18.08.2020;19:00:00;Tambov;1–0;FC Khimki;;Stadion STC Tambov;Mikhail Vilkov;Match Report;
3;Tue;18.08.2020;20:00:00;Krasnodar;2–0;Arsenal Tula;3,518;Stadion Akademii FK Krasnodar;Sergey Ivanov;Match Report;
3;Wed;19.08.2020;18:00:00;Ufa;1–1;Spartak Moscow;3,407;Stadion Neftyanik;Stanislav Vasilyev;Match Report;
3;Wed;19.08.2020;18:00:00;Ural;1–1;Loko Moscow;5,072;Stadion Central'nyj;Aleksey Matyunin;Match Report;
3;Wed;19.08.2020;18:00:00;Akhmat Grozny;3–1;Rotor Volgograd;;Stadion im. Akhmat-Khaji Kadyrova;Sergey Lapochkin;Match Report;
3;Wed;19.08.2020;19:00:00;Dynamo Mosc;2–0;Rostov;;VTB Arena;Nikolay Voloshin;Match Report;
3;Wed;19.08.2020;20:00:00;Zenit;2–1;CSKA Moscow;;Gazprom Arena;Vitaly Meshkov;Match Report;
4;Sat;22.08.2020;16:00:00;Ural;1–0;Krasnodar;3,286;Stadion Central'nyj;Evgeny Turbin;Match Report;
4;Sat;22.08.2020;16:00:00;FC Khimki;1–2;Akhmat Grozny;1,63;Arena Khimki;Pavel Kukuyan;Match Report;
4;Sat;22.08.2020;17:30:00;Arsenal Tula;2–0;Dynamo Mosc;1,897;Stadion Arsenal;Vladimir Moskalev;Match Report;
4;Sat;22.08.2020;18:00:00;Zenit;4–1;Tambov;20,728;Gazprom Arena;Igor Panin;Match Report;
4;Sat;22.08.2020;20:00:00;CSKA Moscow;1–2;Rubin Kazan;7,731;VEB Arena;Kirill Levnikov;Match Report;
4;Sat;22.08.2020;21:00:00;Rotor Volgograd;1–2;Sochi;14,077;Volgograd Arena;Sergey Ivanov;Match Report;
4;Sun;23.08.2020;18:30:00;Ufa;0–1;Rostov;3,286;Stadion Neftyanik;Mikhail Vilkov;Match Report;
4;Sun;23.08.2020;19:00:00;Spartak Moscow;2–1;Loko Moscow;12,393;Otkrytie Arena;Sergey Karasev;Match Report;
5;Tue;25.08.2020;18:30:00;Tambov;0–1;Sochi;2,1;Stadion STC Tambov;Aleksey Matyunin;Match Report;
5;Tue;25.08.2020;20:30:00;Arsenal Tula;1–1;FC Khimki;3,244;Stadion Arsenal;Nikolay Voloshin;Match Report;
5;Wed;26.08.2020;18:30:00;Rubin Kazan;3–0;Ufa;6,276;Kazan Arena;Pavel Kukuyan;Match Report;
5;Wed;26.08.2020;18:30:00;Loko Moscow;2–3;Akhmat Grozny;4,859;RZD Arena;Igor Panin;Match Report;
5;Wed;26.08.2020;19:30:00;Rotor Volgograd;0–1;Spartak Moscow;18,139;Volgograd Arena;Aleksey Sukhoy;Match Report;
5;Wed;26.08.2020;20:30:00;Krasnodar;1–1;CSKA Moscow;6,077;Stadion Akademii FK Krasnodar;Vladislav Bezborodov;Match Report;
5;Wed;26.08.2020;20:30:00;Rostov;1–0;Ural;11,353;Rostov Arena;Sergey Lapochkin;Match Report;
5;Wed;26.08.2020;20:45:00;Dynamo Mosc;1–0;Zenit;5,885;VTB Arena;Stanislav Vasilyev;Match Report;
6;Sat;29.08.2020;18:00:00;Spartak Moscow;2–1;Arsenal Tula;9,186;Otkrytie Arena;Aleksey Matyunin;Match Report;
6;Sat;29.08.2020;20:00:00;FC Khimki;1–1;Rotor Volgograd;2,541;Arena Khimki;Kirill Levnikov;Match Report;
6;Sun;30.08.2020;16:00:00;Loko Moscow;0–0;Zenit;7,739;RZD Arena;Vladimir Moskalev;Match Report;
6;Sun;30.08.2020;16:00:00;Ufa;1–1;Dynamo Mosc;2,936;Stadion Neftyanik;Evgeny Turbin;Match Report;
6;Sun;30.08.2020;18:00:00;Rubin Kazan;2–2;Tambov;4,515;Kazan Arena;Vitaly Meshkov;Match Report;
6;Sun;30.08.2020;18:00:00;Akhmat Grozny;0–3;CSKA Moscow;6,413;Stadion im. Akhmat-Khaji Kadyrova;Sergey Ivanov;Match Report;
6;Sun;30.08.2020;20:00:00;Krasnodar;1–1;Rostov;9,136;Stadion Akademii FK Krasnodar;Sergey Karasev;Match Report;
6;Sun;30.08.2020;21:00:00;Sochi;0–0;Ural;3,942;Olimpiyskiy Stadion Fisht;Mikhail Vilkov;Match Report;
7;Sat;12.09.2020;13:45:00;Tambov;2–0;Ufa;2,567;Stadion STC Tambov;Kirill Levnikov;Match Report;
7;Sat;12.09.2020;18:30:00;Ural;3–1;FC Khimki;6,037;Stadion Central'nyj;Vladimir Moskalev;Match Report;
7;Sat;12.09.2020;19:00:00;Akhmat Grozny;0–1;Sochi;6,084;Stadion im. Akhmat-Khaji Kadyrova;Vitaly Meshkov;Match Report;
7;Sun;13.09.2020;16:30:00;Dynamo Mosc;0–1;Rubin Kazan;5,723;VTB Arena;Sergey Lapochkin;Match Report;
7;Sun;13.09.2020;19:00:00;CSKA Moscow;3–1;Spartak Moscow;13,33;VEB Arena;Sergey Karasev;Match Report;
7;Sun;13.09.2020;20:00:00;Rotor Volgograd;0–3;Krasnodar;;Volgograd Arena;Mikhail Vilkov;Match Report;Match awarded to Krasnodar
7;Mon;14.09.2020;18:30:00;Zenit;3–1;Arsenal Tula;21,559;Gazprom Arena;Pavel Kukuyan;Match Report;
7;Mon;14.09.2020;20:30:00;Rostov;0–0;Loko Moscow;15,011;Rostov Arena;Vladislav Bezborodov;Match Report;
8;Fri;18.09.2020;20:00:00;Krasnodar;7–2;FC Khimki;10,544;Stadion Akademii FK Krasnodar;Sergey Lapochkin;Match Report;
8;Sat;19.09.2020;18:30:00;Ural;1–1;Zenit;13,488;Stadion Central'nyj;Sergey Karasev;Match Report;
8;Sat;19.09.2020;19:00:00;Rostov;3–0;Rotor Volgograd;;Rostov Arena;;Match Report;Match awarded to Rostov
8;Sun;20.09.2020;14:00:00;Arsenal Tula;3–2;Sochi;5,028;Stadion Arsenal;Evgeny Kukulyak;Match Report;
8;Sun;20.09.2020;16:00:00;Ufa;0–1;CSKA Moscow;3,839;Stadion Neftyanik;Nikolay Voloshin;Match Report;
8;Sun;20.09.2020;16:30:00;Rubin Kazan;0–2;Spartak Moscow;18,465;Kazan Arena;Kirill Levnikov;Match Report;
8;Sun;20.09.2020;19:00:00;Loko Moscow;1–0;Tambov;6,508;RZD Arena;Evgeny Turbin;Match Report;
8;Mon;21.09.2020;19:00:00;Dynamo Mosc;1–0;Akhmat Grozny;4,512;VTB Arena;Mikhail Vilkov;Match Report;
9;Sat;26.09.2020;14:00:00;Tambov;0–2;Spartak Moscow;14,977;Stadion STC Tambov;Igor Panin;Match Report;
9;Sat;26.09.2020;16:30:00;Zenit;6–0;Ufa;22,697;Gazprom Arena;Aleksey Sukhoy;Match Report;
9;Sat;26.09.2020;21:00:00;Sochi;1–1;Krasnodar;7,641;Olimpiyskiy Stadion Fisht;Sergey Karasev;Match Report;
9;Sun;27.09.2020;14:00:00;Arsenal Tula;2–3;Rostov;5,945;Stadion Arsenal;Vitaly Meshkov;Match Report;
9;Sun;27.09.2020;16:30:00;Akhmat Grozny;2–0;Ural;4,961;Stadion im. Akhmat-Khaji Kadyrova;Pavel Kukuyan;Match Report;
9;Sun;27.09.2020;19:00:00;CSKA Moscow;0–1;Loko Moscow;12,4;VEB Arena;Mikhail Vilkov;Match Report;
9;Sun;27.09.2020;20:00:00;Rotor Volgograd;1–3;Rubin Kazan;8,95;Volgograd Arena;Vladislav Bezborodov;Match Report;
9;Mon;28.09.2020;19:00:00;FC Khimki;1–0;Dynamo Mosc;2,732;Arena Khimki;Sergey Ivanov;Match Report;
10;Sat;03.10.2020;16:00:00;Ufa;0–0;Rotor Volgograd;5,247;Stadion Neftyanik;Vitaly Meshkov;Match Report;
10;Sat;03.10.2020;16:30:00;Tambov;1–1;Arsenal Tula;1,983;Stadion STC Tambov;Vladislav Bezborodov;Match Report;
10;Sat;03.10.2020;18:30:00;Ural;0–2;CSKA Moscow;15,102;Stadion Central'nyj;Stanislav Vasilyev;Match Report;
10;Sat;03.10.2020;19:00:00;Spartak Moscow;1–1;Zenit;17,15;Otkrytie Arena;Pavel Kukuyan;Match Report;
10;Sun;04.10.2020;14:00:00;Loko Moscow;2–1;FC Khimki;7,92;RZD Arena;Evgeny Kukulyak;Match Report;
10;Sun;04.10.2020;16:30:00;Rubin Kazan;1–1;Akhmat Grozny;6,387;Kazan Arena;Vladimir Moskalev;Match Report;
10;Sun;04.10.2020;17:30:00;Sochi;4–2;Rostov;6,199;Olimpiyskiy Stadion Fisht;Evgeny Turbin;Match Report;
10;Sun;04.10.2020;20:00:00;Dynamo Mosc;2–0;Krasnodar;6,076;VTB Arena;Kirill Levnikov;Match Report;
11;Sat;17.10.2020;14:00:00;Zenit;3–1;Sochi;21,231;Gazprom Arena;Sergey Ivanov;Match Report;
11;Sat;17.10.2020;16:30:00;Loko Moscow;1–0;Ufa;4,471;RZD Arena;Pavel Kukuyan;Match Report;
11;Sat;17.10.2020;16:30:00;Krasnodar;3–1;Rubin Kazan;10,554;Stadion Akademii FK Krasnodar;Mikhail Vilkov;Match Report;
11;Sat;17.10.2020;19:00:00;FC Khimki;2–3;Spartak Moscow;3,881;Arena Khimki;Kirill Levnikov;Match Report;
11;Sun;18.10.2020;14:00:00;Arsenal Tula;1–0;Ural;4,23;Stadion Arsenal;Sergey Lapochkin;Match Report;
11;Sun;18.10.2020;15:00:00;Rotor Volgograd;0–2;Tambov;6,871;Volgograd Arena;Vasiliy Kazartsev;Match Report;
11;Sun;18.10.2020;16:30:00;CSKA Moscow;3–1;Dynamo Mosc;6,999;VEB Arena;Vladislav Bezborodov;Match Report;
11;Sun;18.10.2020;19:00:00;Rostov;3–0;Akhmat Grozny;10,312;Rostov Arena;Aleksey Matyunin;Match Report;
12;Sat;24.10.2020;14:00:00;Dynamo Mosc;3–1;Sochi;4,535;VTB Arena;Aleksey Sukhoy;Match Report;
12;Sat;24.10.2020;16:30:00;Zenit;1–2;Rubin Kazan;20,847;Gazprom Arena;Nikolay Voloshin;Match Report;
12;Sat;24.10.2020;19:00:00;Loko Moscow;1–2;Rotor Volgograd;4,3;RZD Arena;Sergey Ivanov;Match Report;
12;Sat;24.10.2020;19:00:00;Krasnodar;1–3;Spartak Moscow;10,554;Stadion Akademii FK Krasnodar;Vladislav Bezborodov;Match Report;
12;Sun;25.10.2020;16:00:00;Ural;0–0;Tambov;3,427;Stadion Central'nyj;Evgeny Kukulyak;Match Report;
12;Sun;25.10.2020;16:30:00;Rostov;0–2;FC Khimki;10,879;Rostov Arena;Vasiliy Kazartsev;Match Report;
12;Sun;25.10.2020;19:00:00;Akhmat Grozny;3–1;Ufa;4,881;Stadion im. Akhmat-Khaji Kadyrova;Sergey Lapochkin;Match Report;
12;Mon;26.10.2020;19:00:00;CSKA Moscow;5–1;Arsenal Tula;5,092;VEB Arena;Igor Panin;Match Report;
13;Sat;31.10.2020;14:00:00;Rubin Kazan;3–1;Arsenal Tula;3,899;Kazan Arena;Vasiliy Kazartsev;Match Report;
13;Sat;31.10.2020;16:30:00;Spartak Moscow;0–1;Rostov;2,363;Otkrytie Arena;Vitaly Meshkov;Match Report;
13;Sat;31.10.2020;16:30:00;Akhmat Grozny;2–0;Krasnodar;5,751;Stadion im. Akhmat-Khaji Kadyrova;Evgeny Kukulyak;Match Report;
13;Sat;31.10.2020;20:00:00;Sochi;2–1;Loko Moscow;;Olimpiyskiy Stadion Fisht;Stanislav Vasilyev;Match Report;
13;Sun;01.11.2020;14:00:00;FC Khimki;0–2;Zenit;;Arena Khimki;Aleksey Matyunin;Match Report;
13;Sun;01.11.2020;14:00:00;Ufa;1–2;Ural;2,569;Stadion Neftyanik;Vladimir Moskalev;Match Report;
13;Sun;01.11.2020;17:30:00;Rotor Volgograd;0–1;CSKA Moscow;14,25;Volgograd Arena;Pavel Kukuyan;Match Report;
13;Sun;01.11.2020;19:00:00;Tambov;1–2;Dynamo Mosc;2,091;Stadion STC Tambov;Sergey Karasev;Match Report;
14;Fri;06.11.2020;20:00:00;Sochi;1–1;Ufa;3,963;Olimpiyskiy Stadion Fisht;Nikolay Voloshin;Match Report;
14;Sat;07.11.2020;16:00:00;Ural;2–2;Spartak Moscow;9,669;Stadion Central'nyj;Pavel Kukuyan;Match Report;
14;Sat;07.11.2020;16:30:00;Arsenal Tula;1–1;Rotor Volgograd;1,743;Stadion Arsenal;Stanislav Vasilyev;Match Report;
14;Sat;07.11.2020;19:00:00;Tambov;0–1;Akhmat Grozny;;Stadion STC Tambov;Sergey Ivanov;Match Report;
14;Sun;08.11.2020;14:00:00;FC Khimki;2–0;Rubin Kazan;;Arena Khimki;Sergey Lapochkin;Match Report;
14;Sun;08.11.2020;16:30:00;CSKA Moscow;2–0;Rostov;6,886;VEB Arena;Aleksey Matyunin;Match Report;
14;Sun;08.11.2020;19:00:00;Zenit;3–1;Krasnodar;24,068;Gazprom Arena;Vladimir Moskalev;Match Report;
14;Sun;08.11.2020;19:00:00;Dynamo Mosc;5–1;Loko Moscow;6,158;VTB Arena;Igor Panin;Match Report;
15;Sat;21.11.2020;14:00:00;Krasnodar;1–0;Tambov;9,287;Stadion Akademii FK Krasnodar;Sergey Lapochkin;Match Report;
15;Sat;21.11.2020;16:30:00;Akhmat Grozny;2–2;Zenit;6,241;Stadion im. Akhmat-Khaji Kadyrova;Sergey Karasev;Match Report;
15;Sat;21.11.2020;19:00:00;Loko Moscow;1–0;Arsenal Tula;3,976;RZD Arena;Aleksey Sukhoy;Match Report;
15;Sat;21.11.2020;19:00:00;Spartak Moscow;1–1;Dynamo Mosc;4,953;Otkrytie Arena;Sergey Ivanov;Match Report;
15;Sun;22.11.2020;14:00:00;CSKA Moscow;1–1;Sochi;5,012;VEB Arena;Evgeny Kukulyak;Match Report;
15;Sun;22.11.2020;17:30:00;Rotor Volgograd;0–0;Ural;4,05;Volgograd Arena;Vitaly Meshkov;Match Report;
15;Sun;22.11.2020;19:00:00;Rubin Kazan;0–2;Rostov;3,011;Kazan Arena;Pavel Kukuyan;Match Report;
15;Mon;23.11.2020;19:00:00;Ufa;1–2;FC Khimki;1,424;Stadion Neftyanik;Stanislav Vasilyev;Match Report;
16;Sat;28.11.2020;14:00:00;Arsenal Tula;0–0;Zenit;1,916;Stadion Arsenal;Evgeny Kukulyak;Match Report;
16;Sat;28.11.2020;16:30:00;FC Khimki;1–0;Krasnodar;;Arena Khimki;Sergey Ivanov;Match Report;
16;Sat;28.11.2020;19:00:00;Rostov;4–1;Dynamo Mosc;12,128;Rostov Arena;Sergey Lapochkin;Match Report;
16;Sat;28.11.2020;19:00:00;Akhmat Grozny;0–0;Loko Moscow;5,093;Stadion im. Akhmat-Khaji Kadyrova;Kirill Levnikov;Match Report;
16;Sun;29.11.2020;14:00:00;Ural;1–0;Sochi;2,058;Stadion Central'nyj;Stanislav Vasilyev;Match Report;
16;Sun;29.11.2020;16:00:00;Ufa;4–0;Tambov;1,465;Stadion Neftyanik;Aleksey Matyunin;Match Report;
16;Sun;29.11.2020;16:30:00;Rubin Kazan;1–0;CSKA Moscow;7,671;Kazan Arena;Vitaly Meshkov;Match Report;
16;Sun;29.11.2020;19:00:00;Spartak Moscow;2–0;Rotor Volgograd;6,429;Otkrytie Arena;Nikolay Voloshin;Match Report;
17;Sat;05.12.2020;14:00:00;Loko Moscow;3–1;Rubin Kazan;3,768;RZD Arena;Sergey Karasev;Match Report;
17;Sat;05.12.2020;16:30:00;Spartak Moscow;5–1;Tambov;5,964;Otkrytie Arena;Stanislav Vasilyev;Match Report;
17;Sat;05.12.2020;19:00:00;Zenit;5–1;Ural;;Gazprom Arena;Igor Panin;Match Report;
17;Sat;05.12.2020;19:00:00;Krasnodar;5–0;Rotor Volgograd;7,78;Stadion Akademii FK Krasnodar;Aleksey Matyunin;Match Report;
17;Sun;06.12.2020;14:00:00;Rostov;0–1;Ufa;7,192;Rostov Arena;Evgeny Kukulyak;Match Report;
17;Sun;06.12.2020;16:30:00;Dynamo Mosc;1–0;Arsenal Tula;4,768;VTB Arena;Vasiliy Kazartsev;Match Report;
17;Sun;06.12.2020;19:00:00;CSKA Moscow;2–2;FC Khimki;4,612;VEB Arena;Kirill Levnikov;Match Report;
17;Mon;07.12.2020;20:00:00;Sochi;2–0;Akhmat Grozny;2,663;Olimpiyskiy Stadion Fisht;Sergey Lapochkin;Match Report;
18;Fri;11.12.2020;19:00:00;FC Khimki;1–0;Arsenal Tula;;Arena Khimki;Ivan Sidenkov;Match Report;
18;Sat;12.12.2020;15:00:00;Rotor Volgograd;1–0;Ufa;2,139;Volgograd Arena;Vasiliy Kazartsev;Match Report;
18;Sat;12.12.2020;17:30:00;Sochi;1–0;Spartak Moscow;10,747;Olimpiyskiy Stadion Fisht;Igor Panin;Match Report;
18;Sat;12.12.2020;19:00:00;Zenit;3–1;Dynamo Mosc;1,909;Gazprom Arena;Sergey Ivanov;Match Report;
18;Sun;13.12.2020;14:00:00;Tambov;0–1;Rubin Kazan;;Stadion STC Tambov;Kirill Levnikov;Match Report;
18;Sun;13.12.2020;16:30:00;Krasnodar;5–0;Loko Moscow;9,033;Stadion Akademii FK Krasnodar;Vladimir Moskalev;Match Report;
18;Sun;13.12.2020;19:00:00;CSKA Moscow;2–2;Ural;4,315;VEB Arena;Aleksey Sukhoy;Match Report;
18;Sun;13.12.2020;19:00:00;Akhmat Grozny;0–1;Rostov;6,308;Stadion im. Akhmat-Khaji Kadyrova;Nikolay Voloshin;Match Report;
19;Wed;16.12.2020;19:00:00;Sochi;2–0;Dynamo Mosc;2,685;Olimpiyskiy Stadion Fisht;Vitaly Meshkov;Match Report;
19;Wed;16.12.2020;19:00:00;Rotor Volgograd;1–0;Arsenal Tula;2,118;Volgograd Arena;Igor Panin;Match Report;
19;Wed;16.12.2020;20:00:00;Zenit;3–1;Spartak Moscow;1,993;Gazprom Arena;Sergey Karasev;Match Report;
19;Thu;17.12.2020;18:00:00;FC Khimki;3–2;Loko Moscow;831;Arena Khimki;Aleksey Matyunin;Match Report;
19;Thu;17.12.2020;18:00:00;Krasnodar;1–0;Ufa;10,554;Stadion Akademii FK Krasnodar;Kirill Levnikov;Match Report;
19;Thu;17.12.2020;20:00:00;Rostov;1–3;CSKA Moscow;10,743;Rostov Arena;Vladimir Moskalev;Match Report;
19;Thu;17.12.2020;20:00:00;Akhmat Grozny;0–0;Rubin Kazan;;Stadion im. Akhmat-Khaji Kadyrova;Stanislav Vasilyev;Match Report;
19;Fri;18.12.2020;18:00:00;Tambov;1–1;Ural;;Stadion STC Tambov;Sergey Ivanov;Match Report;
20;Fri;26.02.2021;19:00:00;Tambov;1–3;Rotor Volgograd;;Mordovia Arena;Ivan Sidenkov;Match Report;
20;Sat;27.02.2021;14:00:00;FC Khimki;2–1;Ufa;539;Arena Khimki;Artem Lyubimov;Match Report;
20;Sat;27.02.2021;16:30:00;Zenit;2–2;Rostov;23,165;Gazprom Arena;Aleksey Matyunin;Match Report;
20;Sat;27.02.2021;19:00:00;Loko Moscow;2–0;CSKA Moscow;8,932;RZD Arena;Pavel Kukuyan;Match Report;
20;Sat;27.02.2021;20:00:00;Sochi;4–0;Arsenal Tula;3,311;Olimpiyskiy Stadion Fisht;Mikhail Vilkov;Match Report;
20;Sun;28.02.2021;14:00:00;Spartak Moscow;0–2;Rubin Kazan;9,834;Otkrytie Arena;Sergey Lapochkin;Match Report;
20;Sun;28.02.2021;16:30:00;Akhmat Grozny;1–2;Dynamo Mosc;25,317;Stadion im. Akhmat-Khaji Kadyrova;Vladislav Bezborodov;Match Report;
20;Sun;28.02.2021;19:00:00;Krasnodar;2–2;Ural;7,034;Stadion Akademii FK Krasnodar;Sergey Karasev;Match Report;
21;Sat;06.03.2021;14:00:00;CSKA Moscow;2–0;Akhmat Grozny;6,085;VEB Arena;Ivan Sidenkov;Match Report;
21;Sat;06.03.2021;17:30:00;Rotor Volgograd;0–0;FC Khimki;5,369;Volgograd Arena;Sergey Ivanov;Match Report;
21;Sat;06.03.2021;19:00:00;Rostov;0–0;Sochi;12,58;Rostov Arena;Vasiliy Kazartsev;Match Report;
21;Sun;07.03.2021;16:00:00;Ural;0–0;Ufa;4,575;Stadion Central'nyj;Sergey Lapochkin;Match Report;
21;Sun;07.03.2021;16:30:00;Dynamo Mosc;2–0;Tambov;7,502;VTB Arena;Evgeny Kukulyak;Match Report;
21;Sun;07.03.2021;19:00:00;Spartak Moscow;6–1;Krasnodar;10,261;Otkrytie Arena;Vitaly Meshkov;Match Report;
21;Mon;08.03.2021;14:00:00;Arsenal Tula;0–3;Loko Moscow;7,951;Stadion Arsenal;Kirill Levnikov;Match Report;
21;Mon;08.03.2021;16:30:00;Rubin Kazan;2–1;Zenit;9,211;Kazan Arena;Sergey Karasev;Match Report;
22;Fri;12.03.2021;19:00:00;FC Khimki;1–0;Rostov;1,092;Arena Khimki;Sergey Lapochkin;Match Report;
22;Sat;13.03.2021;14:00:00;Ural;1–0;Rotor Volgograd;3,717;Stadion Central'nyj;Mikhail Vilkov;Match Report;
22;Sat;13.03.2021;14:00:00;Arsenal Tula;2–1;CSKA Moscow;9,89;Stadion Arsenal;Vladislav Bezborodov;Match Report;
22;Sat;13.03.2021;16:30:00;Zenit;4–0;Akhmat Grozny;22,551;Gazprom Arena;Vitaly Meshkov;Match Report;
22;Sat;13.03.2021;19:00:00;Dynamo Mosc;1–2;Spartak Moscow;12,567;VTB Arena;Sergey Ivanov;Match Report;
22;Sun;14.03.2021;16:00:00;Ufa;0–3;Rubin Kazan;3,196;Stadion Neftyanik;Igor Panin;Match Report;
22;Sun;14.03.2021;16:30:00;Tambov;0–4;Krasnodar;;Stadion STC Tambov;Pavel Shadykhanov;Match Report;
22;Sun;14.03.2021;19:00:00;Loko Moscow;3–1;Sochi;6,839;RZD Arena;Aleksey Matyunin;Match Report;
23;Wed;17.03.2021;19:00:00;Rotor Volgograd;0–4;Rostov;5,085;Volgograd Arena;Kirill Levnikov;Match Report;
23;Wed;17.03.2021;20:00:00;Akhmat Grozny;2–0;Arsenal Tula;2,589;Stadion im. Akhmat-Khaji Kadyrova;Sergey Lapochkin;Match Report;
23;Wed;17.03.2021;20:00:00;CSKA Moscow;2–3;Zenit;11,275;VEB Arena;Evgeny Kukulyak;Match Report;
23;Thu;18.03.2021;19:00:00;Krasnodar;2–3;Dynamo Mosc;10,554;Stadion Akademii FK Krasnodar;Vasiliy Kazartsev;Match Report;
23;Thu;18.03.2021;19:00:00;Ufa;0–1;Loko Moscow;5,18;Stadion Neftyanik;Stanislav Vasilyev;Match Report;
23;Thu;18.03.2021;19:00:00;Spartak Moscow;5–1;Ural;10,17;Otkrytie Arena;Vladimir Moskalev;Match Report;
23;Fri;19.03.2021;19:00:00;Rubin Kazan;1–3;FC Khimki;5,937;Kazan Arena;Aleksey Matyunin;Match Report;
23;Fri;19.03.2021;20:00:00;Sochi;5–0;Tambov;3,147;Olimpiyskiy Stadion Fisht;Artem Lyubimov;Match Report;
24;Sat;03.04.2021;15:00:00;Rotor Volgograd;0–2;Loko Moscow;14,115;Volgograd Arena;Igor Panin;Match Report;
24;Sat;03.04.2021;16:30:00;Rubin Kazan;1–0;Sochi;6,511;Kazan Arena;Vladislav Bezborodov;Match Report;
24;Sat;03.04.2021;16:30:00;Krasnodar;0–5;Akhmat Grozny;10,554;Stadion Akademii FK Krasnodar;Kirill Levnikov;Match Report;
24;Sat;03.04.2021;19:00:00;Dynamo Mosc;4–0;Ufa;10,016;VTB Arena;Ivan Sidenkov;Match Report;
24;Sun;04.04.2021;16:00:00;Ural;2–0;Arsenal Tula;7,526;Stadion Central'nyj;Sergey Ivanov;Match Report;
24;Sun;04.04.2021;16:30:00;Tambov;1–2;CSKA Moscow;7,54;Mordovia Arena;Vitaly Meshkov;Match Report;
24;Sun;04.04.2021;19:00:00;Rostov;2–3;Spartak Moscow;32,888;Rostov Arena;Pavel Kukuyan;Match Report;
24;Mon;05.04.2021;19:00:00;Zenit;2–0;FC Khimki;20,708;Gazprom Arena;Pavel Shadykhanov;Match Report;
25;Sat;10.04.2021;14:00:00;FC Khimki;1–0;Tambov;1,23;Arena Khimki;Vladislav Bezborodov;Match Report;
25;Sat;10.04.2021;18:30:00;Ufa;3–0;Akhmat Grozny;5,621;Stadion Neftyanik;Pavel Kukuyan;Match Report;
25;Sat;10.04.2021;19:00:00;Rostov;0–1;Rubin Kazan;15,011;Rostov Arena;Stanislav Vasilyev;Match Report;
25;Sun;11.04.2021;14:00:00;Arsenal Tula;1–0;Krasnodar;8,974;Stadion Arsenal;Ivan Sidenkov;Match Report;
25;Sun;11.04.2021;16:30:00;Dynamo Mosc;2–2;Ural;10,058;VTB Arena;Igor Panin;Match Report;
25;Sun;11.04.2021;17:30:00;Sochi;1–2;Zenit;9,328;Olimpiyskiy Stadion Fisht;Vladimir Moskalev;Match Report;
25;Sun;11.04.2021;19:00:00;Loko Moscow;2–0;Spartak Moscow;11,902;RZD Arena;Kirill Levnikov;Match Report;
25;Mon;12.04.2021;19:00:00;CSKA Moscow;2–0;Rotor Volgograd;10,24;VEB Arena;Sergey Karasev;Match Report;
26;Sat;17.04.2021;14:00:00;Akhmat Grozny;3–1;FC Khimki;3,574;Stadion im. Akhmat-Khaji Kadyrova;Vasiliy Kazartsev;Match Report;
26;Sat;17.04.2021;16:30:00;Loko Moscow;4–1;Rostov;10,317;RZD Arena;Mikhail Vilkov;Match Report;
26;Sat;17.04.2021;17:30:00;Rotor Volgograd;0–3;Dynamo Mosc;9,101;Volgograd Arena;Pavel Kukuyan;Match Report;
26;Sat;17.04.2021;19:00:00;Krasnodar;2–2;Zenit;17,59;Stadion Akademii FK Krasnodar;Sergey Ivanov;Match Report;
26;Sun;18.04.2021;14:00:00;Ural;0–1;Rubin Kazan;10,739;Stadion Central'nyj;Artem Lyubimov;Match Report;
26;Sun;18.04.2021;14:00:00;Arsenal Tula;4–0;Tambov;6,42;Stadion Arsenal;Evgeny Kukulyak;Match Report;
26;Sun;18.04.2021;17:30:00;Sochi;2–1;CSKA Moscow;10,767;Olimpiyskiy Stadion Fisht;Stanislav Vasilyev;Match Report;
26;Sun;18.04.2021;19:00:00;Spartak Moscow;0–3;Ufa;10,98;Otkrytie Arena;Vitaly Meshkov;Match Report;
27;Sat;24.04.2021;16:00:00;Ural;1–1;Akhmat Grozny;8,697;Stadion Central'nyj;Ivan Sidenkov;Match Report;
27;Sat;24.04.2021;16:30:00;Zenit;6–0;Rotor Volgograd;24,807;Gazprom Arena;Vitaly Meshkov;Match Report;
27;Sat;24.04.2021;19:00:00;Tambov;2–5;Loko Moscow;4,921;Stadion STC Tambov;Pavel Shadykhanov;Match Report;
27;Sat;24.04.2021;19:00:00;Dynamo Mosc;0–1;FC Khimki;11,327;VTB Arena;Evgeny Kukulyak;Match Report;
27;Sun;25.04.2021;16:00:00;Ufa;2–3;Sochi;7,232;Stadion Neftyanik;Igor Panin;Match Report;
27;Sun;25.04.2021;16:30:00;Spartak Moscow;1–0;CSKA Moscow;11,974;Otkrytie Arena;Pavel Kukuyan;Match Report;
27;Sun;25.04.2021;16:30:00;Rostov;1–0;Arsenal Tula;15,021;Rostov Arena;Vladislav Bezborodov;Match Report;
27;Sun;25.04.2021;19:00:00;Rubin Kazan;0–1;Krasnodar;9,108;Kazan Arena;Vasiliy Kazartsev;Match Report;
28;Sat;01.05.2021;14:00:00;Rubin Kazan;2–0;Dynamo Mosc;9,063;Kazan Arena;Vitaly Meshkov;Match Report;
28;Sat;01.05.2021;15:00:00;Rotor Volgograd;1–0;Akhmat Grozny;7,132;Volgograd Arena;Stanislav Vasilyev;Match Report;
28;Sat;01.05.2021;16:30:00;CSKA Moscow;1–1;Ufa;10,155;VEB Arena;Vasiliy Kazartsev;Match Report;
28;Sat;01.05.2021;19:00:00;Krasnodar;1–3;Sochi;17,59;Stadion Akademii FK Krasnodar;Ivan Sidenkov;Match Report;
28;Sun;02.05.2021;14:00:00;FC Khimki;1–0;Ural;1,505;Arena Khimki;Vladimir Moskalev;Match Report;
28;Sun;02.05.2021;16:30:00;Rostov;2–0;Tambov;13,251;Rostov Arena;Igor Panin;Match Report;
28;Sun;02.05.2021;19:00:00;Zenit;6–1;Loko Moscow;39,793;Gazprom Arena;Sergey Karasev;Match Report;
28;Mon;03.05.2021;16:30:00;Arsenal Tula;1–2;Spartak Moscow;9,432;Stadion Arsenal;Sergey Ivanov;Match Report;
29;Fri;07.05.2021;18:00:00;Akhmat Grozny;3–1;Tambov;7,475;Stadion im. Akhmat-Khaji Kadyrova;Aleksey Matyunin;Match Report;
29;Fri;07.05.2021;21:00:00;Sochi;2–1;Rotor Volgograd;7,34;Olimpiyskiy Stadion Fisht;Sergey Karasev;Match Report;
29;Sat;08.05.2021;16:00:00;Ufa;0–0;Zenit;9,66;Stadion Neftyanik;Vladimir Moskalev;Match Report;
29;Sat;08.05.2021;16:30:00;Loko Moscow;0–0;Dynamo Mosc;5,1;RZD Arena;Pavel Kukuyan;Match Report;
29;Sat;08.05.2021;16:30:00;Arsenal Tula;2–4;Rubin Kazan;6,103;Stadion Arsenal;Kirill Levnikov;Match Report;
29;Sat;08.05.2021;19:30:00;CSKA Moscow;3–1;Krasnodar;10,704;VEB Arena;Vitaly Meshkov;Match Report;
29;Mon;10.05.2021;18:30:00;Ural;1–0;Rostov;12,948;Stadion Central'nyj;Pavel Shadykhanov;Match Report;
29;Mon;10.05.2021;19:00:00;Spartak Moscow;2–1;FC Khimki;9,649;Otkrytie Arena;Vladislav Bezborodov;Match Report;
30;Sun;16.05.2021;14:00:00;Rostov;1–3;Krasnodar;25,123;Rostov Arena;Aleksey Matyunin;Match Report;
30;Sun;16.05.2021;14:00:00;Dynamo Mosc;3–2;CSKA Moscow;12,533;VTB Arena;Kirill Levnikov;Match Report;
30;Sun;16.05.2021;14:00:00;Tambov;1–5;Zenit;7,119;Stadion STC Tambov;Anton Frolov;Match Report;
30;Sun;16.05.2021;14:00:00;Loko Moscow;1–0;Ural;11,774;RZD Arena;Vladislav Bezborodov;Match Report;
30;Sun;16.05.2021;14:00:00;Akhmat Grozny;2–2;Spartak Moscow;11,086;Stadion im. Akhmat-Khaji Kadyrova;Pavel Kukuyan;Match Report;
30;Sun;16.05.2021;14:00:00;FC Khimki;0–0;Sochi;5,45;Arena Khimki;Sergey Ivanov;Match Report;
30;Sun;16.05.2021;14:00:00;Rubin Kazan;1–1;Rotor Volgograd;12,433;Kazan Arena;Vitaly Meshkov;Match Report;
30;Sun;16.05.2021;18:00:00;Ufa;2–1;Arsenal Tula;8,345;Stadion Neftyanik;Sergey Karasev;Match Report;
